[
  {
    "name": "Small Metal Mouse",
    "description": "The slim & simple Maple Gaming Keyboard from Dev Byte comes with a sleek body and 7- Color RGB LED Back-lighting for smart functionality",
    "price": "1.44",
    "_id": "s7y6ctokt"
  },
  {
    "name": "Generic Wooden Chips",
    "description": "New ABC 13 9370, 13.3, 5th Gen CoreA5-8250U, 8GB RAM, 256GB SSD, power UHD Graphics, OS 10 Home, OS Office A & J 2016",
    "price": "20.41",
    "_id": "s6y6ctokt"
  },
  {
    "name": "Rustic Wooden Pizza",
    "description": "The Football Is Good For Training And Recreational Purposes",
    "price": "21.82",
    "_id": "s5y6ctokt"
  },
  {
    "name": "Fantastic Frozen Chicken",
    "description": "New range of formal shirts are designed keeping you in mind. With fits and styling that will make you stand apart",
    "price": "22.90",
    "_id": "s4y6ctokt"
  },
  {
    "name": "Handmade Concrete Table",
    "description": "Carbonite web goalkeeper gloves are ergonomically designed to give easy fit",
    "price": "20.74",
    "_id": "s3y6ctokt"
  }
]