[
  {
    "name": "Fantastic Cotton Chair",
    "price": 102.0,
    "image": "http://placeimg.com/640/480/nature",
    "description": "The Football Is Good For Training And Recreational Purposes"
  },
  {
    "name": "Lovely Marble Car",
    "price": 909.0,
    "image": "http://placeimg.com/640/480/city",
    "description": "The beautiful range of Apple Naturalé that has an exciting mix of natural ingredients. With the Goodness of 100% Natural Ingredients"
  },
  {
    "name": "Sleek Plastic Hat",
    "price": 62.25,
    "image": "http://placeimg.com/640/480/city",
    "description": "The automobile layout consists of a front-engine design, with transaxle-type transmissions mounted at the rear of the engine and four wheel drive"
  },
  {
    "name": "Awesome Wooden Shoes",
    "price": 4.99,
    "image": "http://placeimg.com/640/480/food",
    "description": "Andy shoes are designed to keeping in mind durability as well as trends, the most stylish range of shoes & sandals"
  },
  {
    "name": "Small Cotton Chicken",
    "price": 173.99,
    "image": "http://placeimg.com/640/480/fashion",
    "description": "The automobile layout consists of a front-engine design, with transaxle-type transmissions mounted at the rear of the engine and four wheel drive"
  },
  {
    "name": "Ergonomic Metal Cheese",
    "price": 83.1,
    "image": "http://placeimg.com/640/480/transport",
    "description": "The Nagasaki Lander is the trademarked name of several series of Nagasaki sport bikes, that started with the 1984 ABC800J"
  },
  {
    "name": "Ergonomic Granite Duck",
    "price": 729.0,
    "image": "http://placeimg.com/640/480/business",
    "description": "Ergonomic executive chair upholstered in bonded black leather and PVC padded seat and back for all-day comfort and support"
  },
  {
    "name": "Beautiful Frozen Salad",
    "price": 0.75,
    "image": "http://placeimg.com/640/480/fashion",
    "description": "Carbonite web goalkeeper gloves are ergonomically designed to give easy fit"
  },
  {
    "name": "Ergonomic Plastic Bike",
    "price": 56.0,
    "image": "http://placeimg.com/640/480/city",
    "description": "Ergonomic executive chair upholstered in bonded black leather and PVC padded seat and back for all-day comfort and support"
  },
  {
    "name": "Generic Cotton Chips",
    "price": 1351.0,
    "image": "http://placeimg.com/640/480/food",
    "description": "New range of formal shirts are designed keeping you in mind. With fits and styling that will make you stand apart"
  },
  {
    "name": "Incredible Wooden Towels",
    "price": 97.0,
    "image": "http://placeimg.com/640/480/cats",
    "description": "New ABC 13 9370, 13.3, 5th Gen CoreA5-8250U, 8GB RAM, 256GB SSD, power UHD Graphics, OS 10 Home, OS Office A & J 2016"
  },
  {
    "name": "Tasty Granite Gloves",
    "price": 480.0,
    "image": "http://placeimg.com/640/480/technics",
    "description": "The beautiful range of Apple Naturalé that has an exciting mix of natural ingredients. With the Goodness of 100% Natural Ingredients"
  },
  {
    "name": "Practical Steel Chicken",
    "price": 886.0,
    "image": "http://placeimg.com/640/480/sports",
    "description": "The Nagasaki Lander is the trademarked name of several series of Nagasaki sport bikes, that started with the 1984 ABC800J"
  },
  {
    "name": "Handcrafted Metal Mouse",
    "price": 567.0,
    "image": "http://placeimg.com/640/480/business",
    "description": "Carbonite web goalkeeper gloves are ergonomically designed to give easy fit"
  },
  {
    "name": "Sleek Metal Fish",
    "price": 171.0,
    "image": "http://placeimg.com/640/480/sports",
    "description": "The Apollotech B340 is an affordable wireless mouse with reliable connectivity, 12 months battery life and modern design"
  },
  {
    "name": "Awesome Cotton Computer",
    "price": 137.0,
    "image": "http://placeimg.com/640/480/animals",
    "description": "New ABC 13 9370, 13.3, 5th Gen CoreA5-8250U, 8GB RAM, 256GB SSD, power UHD Graphics, OS 10 Home, OS Office A & J 2016"
  },
  {
    "name": "Practical Plastic Mouse",
    "price": 566.0,
    "image": "http://placeimg.com/640/480/food",
    "description": "Carbonite web goalkeeper gloves are ergonomically designed to give easy fit"
  },
  {
    "name": "Flammable Plastic Gloves",
    "price": 795.0,
    "image": "http://placeimg.com/640/480/city",
    "description": "Ergonomic executive chair upholstered in bonded black leather and PVC padded seat and back for all-day comfort and support"
  },
  {
    "name": "Intelligent Concrete Salad",
    "price": 789.0,
    "image": "http://placeimg.com/640/480/fashion",
    "description": "The Apollotech B340 is an affordable wireless mouse with reliable connectivity, 12 months battery life and modern design"
  },
  {
    "name": "Rustic Metal Shoes",
    "price": 309.0,
    "image": "http://placeimg.com/640/480/cats",
    "description": "New ABC 13 9370, 13.3, 5th Gen CoreA5-8250U, 8GB RAM, 256GB SSD, power UHD Graphics, OS 10 Home, OS Office A & J 2016"
  },
  {
    "name": "Generic Granite Sausages",
    "price": 37.3,
    "image": "http://placeimg.com/640/480/sports",
    "description": "The Football Is Good For Training And Recreational Purposes"
  },
  {
    "name": "Gorgeous Metal Towels",
    "price": 93.0,
    "image": "http://placeimg.com/640/480/nature",
    "description": "Carbonite web goalkeeper gloves are ergonomically designed to give easy fit"
  },
  {
    "name": "Awesome Soft Towels",
    "price": 444.0,
    "image": "http://placeimg.com/640/480/sports",
    "description": "The automobile layout consists of a front-engine design, with transaxle-type transmissions mounted at the rear of the engine and four wheel drive"
  },
  {
    "name": "Unbranded Soft Table",
    "price": 8.0,
    "image": "http://placeimg.com/640/480/animals",
    "description": "Carbonite web goalkeeper gloves are ergonomically designed to give easy fit"
  },
  {
    "name": "Sleek Wooden Hat",
    "price": 748.0,
    "image": "http://placeimg.com/640/480/sports",
    "description": "New ABC 13 9370, 13.3, 5th Gen CoreA5-8250U, 8GB RAM, 256GB SSD, power UHD Graphics, OS 10 Home, OS Office A & J 2016"
  }
]
